study,domain,sub_domain,source,table_label,table_name,table_name_nda,var_name_nda,type,metric,atlas,var_name,var_label,notes,condition,id
Core,Imaging,Task fMRI,Youth,Task fMRI - N-Back - 2-back vs. 0-back (Subcortical) [Youth],mri_y_tfmr_nback_2bv0b_aseg,nback_bwroi02,tfmri_nback_all_2.back.vs.0.back_beta_subcort.aseg_3rd.ventricle,Float,Emotional N-Back,Subcortical,tfmri_nback_all_130,Beta weight for nBack all 2 back versus 0 back contrast in ASEG ROI 3rd-ventricle,,,60131
Core,Imaging,Task fMRI,Youth,Task fMRI - N-Back - 2-back vs. 0-back (Subcortical) [Youth],mri_y_tfmr_nback_2bv0b_aseg,nback_bwroi02,tfmri_nback_all_2.back.vs.0.back_beta_subcort.aseg_4th.ventricle,Float,Emotional N-Back,Subcortical,tfmri_nback_all_131,Beta weight for nBack all 2 back versus 0 back contrast in ASEG ROI 4th-ventricle,,,60132
Core,Imaging,Task fMRI,Youth,Task fMRI - N-Back - 2-back vs. 0-back (Subcortical) [Youth],mri_y_tfmr_nback_2bv0b_aseg,nback_bwroi02,tfmri_nback_all_2.back.vs.0.back_beta_subcort.aseg_accumbens.area.lh,Float,Emotional N-Back,Subcortical,tfmri_nback_all_136,Beta weight for nBack all 2 back versus 0 back contrast in ASEG ROI left-accumbens-area,,,60133
Core,Imaging,Task fMRI,Youth,Task fMRI - N-Back - 2-back vs. 0-back (Subcortical) [Youth],mri_y_tfmr_nback_2bv0b_aseg,nback_bwroi02,tfmri_nback_all_2.back.vs.0.back_beta_subcort.aseg_accumbens.area.rh,Float,Emotional N-Back,Subcortical,tfmri_nback_all_149,Beta weight for nBack all 2 back versus 0 back contrast in ASEG ROI right-accumbens-area,,,60134
Core,Imaging,Task fMRI,Youth,Task fMRI - N-Back - 2-back vs. 0-back (Subcortical) [Youth],mri_y_tfmr_nback_2bv0b_aseg,nback_bwroi02,tfmri_nback_all_2.back.vs.0.back_beta_subcort.aseg_amygdala.lh,Float,Emotional N-Back,Subcortical,tfmri_nback_all_134,Beta weight for nBack all 2 back versus 0 back contrast in ASEG ROI left-amygdala,,,60135
Core,Imaging,Task fMRI,Youth,Task fMRI - N-Back - 2-back vs. 0-back (Subcortical) [Youth],mri_y_tfmr_nback_2bv0b_aseg,nback_bwroi02,tfmri_nback_all_2.back.vs.0.back_beta_subcort.aseg_amygdala.rh,Float,Emotional N-Back,Subcortical,tfmri_nback_all_148,Beta weight for nBack all 2 back versus 0 back contrast in ASEG ROI right-amygdala,,,60136
Core,Imaging,Task fMRI,Youth,Task fMRI - N-Back - 2-back vs. 0-back (Subcortical) [Youth],mri_y_tfmr_nback_2bv0b_aseg,nback_bwroi02,tfmri_nback_all_2.back.vs.0.back_beta_subcort.aseg_brain.stem,Float,Emotional N-Back,Subcortical,tfmri_nback_all_132,Beta weight for nBack all 2 back versus 0 back contrast in ASEG ROI brain-stem,,,60137
Core,Imaging,Task fMRI,Youth,Task fMRI - N-Back - 2-back vs. 0-back (Subcortical) [Youth],mri_y_tfmr_nback_2bv0b_aseg,nback_bwroi02,tfmri_nback_all_2.back.vs.0.back_beta_subcort.aseg_caudate.lh,Float,Emotional N-Back,Subcortical,tfmri_nback_all_127,Beta weight for nBack all 2 back versus 0 back contrast in ASEG ROI left-caudate,,,60138
Core,Imaging,Task fMRI,Youth,Task fMRI - N-Back - 2-back vs. 0-back (Subcortical) [Youth],mri_y_tfmr_nback_2bv0b_aseg,nback_bwroi02,tfmri_nback_all_2.back.vs.0.back_beta_subcort.aseg_caudate.rh,Float,Emotional N-Back,Subcortical,tfmri_nback_all_144,Beta weight for nBack all 2 back versus 0 back contrast in ASEG ROI right-caudate,,,60139
Core,Imaging,Task fMRI,Youth,Task fMRI - N-Back - 2-back vs. 0-back (Subcortical) [Youth],mri_y_tfmr_nback_2bv0b_aseg,nback_bwroi02,tfmri_nback_all_2.back.vs.0.back_beta_subcort.aseg_cerebellum.cortex.lh,Float,Emotional N-Back,Subcortical,tfmri_nback_all_125,Beta weight for nBack all 2 back versus 0 back contrast in ASEG ROI left-cerebellum-cortex,,,60140
Core,Imaging,Task fMRI,Youth,Task fMRI - N-Back - 2-back vs. 0-back (Subcortical) [Youth],mri_y_tfmr_nback_2bv0b_aseg,nback_bwroi02,tfmri_nback_all_2.back.vs.0.back_beta_subcort.aseg_cerebellum.cortex.rh,Float,Emotional N-Back,Subcortical,tfmri_nback_all_142,Beta weight for nBack all 2 back versus 0 back contrast in ASEG ROI right-cerebellum-cortex,,,60141
Core,Imaging,Task fMRI,Youth,Task fMRI - N-Back - 2-back vs. 0-back (Subcortical) [Youth],mri_y_tfmr_nback_2bv0b_aseg,nback_bwroi02,tfmri_nback_all_2.back.vs.0.back_beta_subcort.aseg_cerebellum.white.matter.lh,Float,Emotional N-Back,Subcortical,tfmri_nback_all_124,Beta weight for nBack all 2 back versus 0 back contrast in ASEG ROI left-cerebellum-white-matter,,,60142
Core,Imaging,Task fMRI,Youth,Task fMRI - N-Back - 2-back vs. 0-back (Subcortical) [Youth],mri_y_tfmr_nback_2bv0b_aseg,nback_bwroi02,tfmri_nback_all_2.back.vs.0.back_beta_subcort.aseg_cerebellum.white.matter.rh,Float,Emotional N-Back,Subcortical,tfmri_nback_all_141,Beta weight for nBack all 2 back versus 0 back contrast in ASEG ROI right-cerebellum-white-matter,,,60143
Core,Imaging,Task fMRI,Youth,Task fMRI - N-Back - 2-back vs. 0-back (Subcortical) [Youth],mri_y_tfmr_nback_2bv0b_aseg,nback_bwroi02,tfmri_nback_all_2.back.vs.0.back_beta_subcort.aseg_cerebral.white.matter.lh,Float,Emotional N-Back,Subcortical,tfmri_nback_all_121,Beta weight for nBack all 2 back versus 0 back contrast in ASEG ROI left-cerebral-white-matter,,,60144
Core,Imaging,Task fMRI,Youth,Task fMRI - N-Back - 2-back vs. 0-back (Subcortical) [Youth],mri_y_tfmr_nback_2bv0b_aseg,nback_bwroi02,tfmri_nback_all_2.back.vs.0.back_beta_subcort.aseg_cerebral.white.matter.rh,Float,Emotional N-Back,Subcortical,tfmri_nback_all_138,Beta weight for nBack all 2 back versus 0 back contrast in ASEG ROI right-cerebral-white-matter,,,60145
Core,Imaging,Task fMRI,Youth,Task fMRI - N-Back - 2-back vs. 0-back (Subcortical) [Youth],mri_y_tfmr_nback_2bv0b_aseg,nback_bwroi02,tfmri_nback_all_2.back.vs.0.back_beta_subcort.aseg_csf,Float,Emotional N-Back,Subcortical,tfmri_nback_all_135,Beta weight for nBack all 2 back versus 0 back contrast in ASEG ROI csf,,,60146
Core,Imaging,Task fMRI,Youth,Task fMRI - N-Back - 2-back vs. 0-back (Subcortical) [Youth],mri_y_tfmr_nback_2bv0b_aseg,nback_bwroi02,tfmri_nback_all_2.back.vs.0.back_beta_subcort.aseg_hippocampus.lh,Float,Emotional N-Back,Subcortical,tfmri_nback_all_133,Beta weight for nBack all 2 back versus 0 back contrast in ASEG ROI left-hippocampus,,,60147
Core,Imaging,Task fMRI,Youth,Task fMRI - N-Back - 2-back vs. 0-back (Subcortical) [Youth],mri_y_tfmr_nback_2bv0b_aseg,nback_bwroi02,tfmri_nback_all_2.back.vs.0.back_beta_subcort.aseg_hippocampus.rh,Float,Emotional N-Back,Subcortical,tfmri_nback_all_147,Beta weight for nBack all 2 back versus 0 back contrast in ASEG ROI right-hippocampus,,,60148
Core,Imaging,Task fMRI,Youth,Task fMRI - N-Back - 2-back vs. 0-back (Subcortical) [Youth],mri_y_tfmr_nback_2bv0b_aseg,nback_bwroi02,tfmri_nback_all_2.back.vs.0.back_beta_subcort.aseg_inf.lat.vent.lh,Float,Emotional N-Back,Subcortical,tfmri_nback_all_123,Beta weight for nBack all 2 back versus 0 back contrast in ASEG ROI left-inf-lat-vent,,,60149
Core,Imaging,Task fMRI,Youth,Task fMRI - N-Back - 2-back vs. 0-back (Subcortical) [Youth],mri_y_tfmr_nback_2bv0b_aseg,nback_bwroi02,tfmri_nback_all_2.back.vs.0.back_beta_subcort.aseg_inf.lat.vent.rh,Float,Emotional N-Back,Subcortical,tfmri_nback_all_140,Beta weight for nBack all 2 back versus 0 back contrast in ASEG ROI right-inf-lat-vent,,,60150
Core,Imaging,Task fMRI,Youth,Task fMRI - N-Back - 2-back vs. 0-back (Subcortical) [Youth],mri_y_tfmr_nback_2bv0b_aseg,nback_bwroi02,tfmri_nback_all_2.back.vs.0.back_beta_subcort.aseg_lateral.ventricle.lh,Float,Emotional N-Back,Subcortical,tfmri_nback_all_122,Beta weight for nBack all 2 back versus 0 back contrast in ASEG ROI left-lateral-ventricle,,,60151
Core,Imaging,Task fMRI,Youth,Task fMRI - N-Back - 2-back vs. 0-back (Subcortical) [Youth],mri_y_tfmr_nback_2bv0b_aseg,nback_bwroi02,tfmri_nback_all_2.back.vs.0.back_beta_subcort.aseg_lateral.ventricle.rh,Float,Emotional N-Back,Subcortical,tfmri_nback_all_139,Beta weight for nBack all 2 back versus 0 back contrast in ASEG ROI right-lateral-ventricle,,,60152
Core,Imaging,Task fMRI,Youth,Task fMRI - N-Back - 2-back vs. 0-back (Subcortical) [Youth],mri_y_tfmr_nback_2bv0b_aseg,nback_bwroi02,tfmri_nback_all_2.back.vs.0.back_beta_subcort.aseg_pallidum.lh,Float,Emotional N-Back,Subcortical,tfmri_nback_all_129,Beta weight for nBack all 2 back versus 0 back contrast in ASEG ROI left-pallidum,,,60153
Core,Imaging,Task fMRI,Youth,Task fMRI - N-Back - 2-back vs. 0-back (Subcortical) [Youth],mri_y_tfmr_nback_2bv0b_aseg,nback_bwroi02,tfmri_nback_all_2.back.vs.0.back_beta_subcort.aseg_pallidum.rh,Float,Emotional N-Back,Subcortical,tfmri_nback_all_146,Beta weight for nBack all 2 back versus 0 back contrast in ASEG ROI right-pallidum,,,60154
Core,Imaging,Task fMRI,Youth,Task fMRI - N-Back - 2-back vs. 0-back (Subcortical) [Youth],mri_y_tfmr_nback_2bv0b_aseg,nback_bwroi02,tfmri_nback_all_2.back.vs.0.back_beta_subcort.aseg_putamen.lh,Float,Emotional N-Back,Subcortical,tfmri_nback_all_128,Beta weight for nBack all 2 back versus 0 back contrast in ASEG ROI left-putamen,,,60155
Core,Imaging,Task fMRI,Youth,Task fMRI - N-Back - 2-back vs. 0-back (Subcortical) [Youth],mri_y_tfmr_nback_2bv0b_aseg,nback_bwroi02,tfmri_nback_all_2.back.vs.0.back_beta_subcort.aseg_putamen.rh,Float,Emotional N-Back,Subcortical,tfmri_nback_all_145,Beta weight for nBack all 2 back versus 0 back contrast in ASEG ROI right-putamen,,,60156
Core,Imaging,Task fMRI,Youth,Task fMRI - N-Back - 2-back vs. 0-back (Subcortical) [Youth],mri_y_tfmr_nback_2bv0b_aseg,nback_bwroi02,tfmri_nback_all_2.back.vs.0.back_beta_subcort.aseg_thalamus.proper.lh,Float,Emotional N-Back,Subcortical,tfmri_nback_all_126,Beta weight for nBack all 2 back versus 0 back contrast in ASEG ROI left-thalamus-proper,,,60157
Core,Imaging,Task fMRI,Youth,Task fMRI - N-Back - 2-back vs. 0-back (Subcortical) [Youth],mri_y_tfmr_nback_2bv0b_aseg,nback_bwroi02,tfmri_nback_all_2.back.vs.0.back_beta_subcort.aseg_thalamus.proper.rh,Float,Emotional N-Back,Subcortical,tfmri_nback_all_143,Beta weight for nBack all 2 back versus 0 back contrast in ASEG ROI right-thalamus-proper,,,60158
Core,Imaging,Task fMRI,Youth,Task fMRI - N-Back - 2-back vs. 0-back (Subcortical) [Youth],mri_y_tfmr_nback_2bv0b_aseg,nback_bwroi02,tfmri_nback_all_2.back.vs.0.back_beta_subcort.aseg_ventraldc.lh,Float,Emotional N-Back,Subcortical,tfmri_nback_all_137,Beta weight for nBack all 2 back versus 0 back contrast in ASEG ROI left-ventraldc,,,60159
Core,Imaging,Task fMRI,Youth,Task fMRI - N-Back - 2-back vs. 0-back (Subcortical) [Youth],mri_y_tfmr_nback_2bv0b_aseg,nback_bwroi02,tfmri_nback_all_2.back.vs.0.back_beta_subcort.aseg_ventraldc.rh,Float,Emotional N-Back,Subcortical,tfmri_nback_all_150,Beta weight for nBack all 2 back versus 0 back contrast in ASEG ROI right-ventraldc,,,60160
