ROI_Label,t,p,p_fdr,Cohens_d
LH_Vis_1,-1.34299294,0.179812613,0.284100612,-0.112503568
LH_Vis_2,-0.869404541,0.384996981,0.510318579,-0.072830698
LH_Vis_3,-2.732684104,0.00648758,0.017664976,-0.228919083
LH_Vis_4,0.244660279,0.806807887,0.874525575,0.020495383
LH_Vis_5,0.779646742,0.435923988,0.561360806,0.065311617
LH_Vis_6,-2.189958937,0.028937193,0.064431583,-0.183454572
LH_Vis_7,-0.971044686,0.331939498,0.461651241,-0.081345172
LH_Vis_8,-0.765751246,0.44415856,0.567117709,-0.06414758
LH_Vis_9,0.802784813,0.422436239,0.545546229,0.067249911
LH_Vis_10,1.766411102,0.077864081,0.141343634,0.147973639
LH_Vis_11,1.217274567,0.224006455,0.338631831,0.101972042
LH_Vis_12,2.494465791,0.012898297,0.032938024,0.208963349
LH_Vis_13,0.267848021,0.788913557,0.868500648,0.022437838
LH_Vis_14,-0.221573874,0.824725277,0.891808195,-0.018561417
LH_Vis_15,-3.148789206,0.001729116,0.006156758,-0.263776533
LH_Vis_16,0.56113627,0.574930928,0.689307108,0.047006824
LH_Vis_17,-0.804789846,0.421284679,0.545546229,-0.067417874
LH_Vis_18,-0.976325658,0.329320833,0.459422891,-0.081787564
LH_Vis_19,2.457821018,0.014275946,0.036048757,0.205893588
LH_Vis_20,-0.174722508,0.861360599,0.907540771,-0.014636641
LH_Vis_21,0.407454695,0.683828375,0.782621659,0.034132798
LH_Vis_22,2.548567131,0.011083555,0.02895819,0.213495461
LH_Vis_23,-0.092997406,0.925939419,0.957722237,-0.007790465
LH_Vis_24,-2.998799489,0.002829406,0.009334976,-0.251211777
LH_Vis_25,-0.337358615,0.735974035,0.827513094,-0.028260795
LH_Vis_26,-0.934901701,0.35023878,0.478970406,-0.078317446
LH_Vis_27,4.108327001,4.59E-05,0.000334367,0.344157764
LH_Vis_28,-0.348057911,0.727927593,0.820506912,-0.029157083
LH_Vis_29,1.345242701,0.179083757,0.284020555,0.112692033
LH_Vis_30,-0.102733975,0.918210377,0.954094461,-0.008606105
LH_Vis_31,1.805678813,0.071504954,0.132593546,0.151263126
LH_SomMot_1,0.76051427,0.447263002,0.56787325,0.063708875
LH_SomMot_2,-0.588831778,0.556208256,0.673947745,-0.049326898
LH_SomMot_3,2.572941615,0.010338567,0.027168792,0.21553733
LH_SomMot_4,-2.343385621,0.019454307,0.047023245,-0.196307245
LH_SomMot_5,1.897584741,0.05826594,0.110516093,0.158962157
LH_SomMot_6,2.739314694,0.006350362,0.017609592,0.229474533
LH_SomMot_7,-0.201319706,0.840520812,0.899359296,-0.016864709
LH_SomMot_8,-1.328793461,0.18445177,0.288478961,-0.111314067
LH_SomMot_9,-1.30390136,0.192802027,0.298446973,-0.109228836
LH_SomMot_10,-3.386225016,0.000757736,0.003132582,-0.283666716
LH_SomMot_11,-3.532026384,0.000446089,0.002023387,-0.295880611
LH_SomMot_12,-3.804661013,0.000157448,0.00086369,-0.318719427
LH_SomMot_13,-1.241746132,0.214842883,0.326966273,-0.104022044
LH_SomMot_14,-3.684103673,0.000251508,0.001291839,-0.308620244
LH_SomMot_15,1.426358724,0.154318533,0.250007086,0.119487185
LH_SomMot_16,-1.801730876,0.07212038,0.133054741,-0.150932404
LH_SomMot_17,-0.935583511,0.349885473,0.478970406,-0.078374562
LH_SomMot_18,-4.168638621,3.54E-05,0.000296652,-0.349210116
LH_SomMot_19,0.838862053,0.401900372,0.529617983,0.07027213
LH_SomMot_20,-0.209624619,0.834035879,0.89758147,-0.017560418
LH_SomMot_21,2.282609286,0.022822133,0.052900534,0.191215964
LH_SomMot_22,0.166302965,0.867978591,0.912386798,0.013931329
LH_SomMot_23,-2.513699738,0.012230179,0.031409324,-0.210574592
LH_SomMot_24,-4.711697785,3.10E-06,4.87E-05,-0.394702606
LH_SomMot_25,-0.640310527,0.522232439,0.642976541,-0.053639313
LH_SomMot_26,-3.893737165,0.000110585,0.000640825,-0.326181406
LH_SomMot_27,2.934373566,0.003477589,0.011227645,0.245814767
LH_SomMot_28,-0.883188026,0.377513936,0.501886836,-0.073985351
LH_SomMot_29,1.727151596,0.084684407,0.152499409,0.144684839
LH_SomMot_30,-2.110544505,0.03525366,0.074522636,-0.176801963
LH_SomMot_31,-1.086060241,0.277915677,0.405183619,-0.090980115
LH_SomMot_32,-4.042195645,6.03E-05,0.000412838,-0.338617889
LH_SomMot_33,-4.25223136,2.48E-05,0.000223779,-0.356212745
LH_SomMot_34,0.026116422,0.979173654,0.985351745,0.002187793
LH_SomMot_35,-4.75721234,2.49E-06,4.33E-05,-0.398515396
LH_SomMot_36,-2.068230132,0.039072573,0.079516539,-0.173257255
LH_SomMot_37,-3.608574779,0.000335286,0.001595254,-0.30229313
LH_DorsAttn_Post_1,1.560163978,0.119278625,0.200423563,0.130696156
LH_DorsAttn_Post_2,1.812028252,0.070510367,0.13169705,0.151795023
LH_DorsAttn_Post_3,1.977267361,0.048497072,0.095723477,0.165637232
LH_DorsAttn_Post_4,-2.094119789,0.036727666,0.076568551,-0.175426052
LH_DorsAttn_Post_5,-1.552180915,0.121222707,0.202935792,-0.130027409
LH_DorsAttn_Post_6,0.910714584,0.362838659,0.489561415,0.076291273
LH_DorsAttn_Post_7,-3.946032107,8.95E-05,0.000546156,-0.330562194
LH_DorsAttn_Post_8,0.18709645,0.851657799,0.903636914,0.015673216
LH_DorsAttn_Post_9,2.832266181,0.00478656,0.014233717,0.237261152
LH_DorsAttn_Post_10,-2.778219054,0.005646654,0.016466372,-0.232733582
LH_DorsAttn_Post_11,-2.90867005,0.003776594,0.011937207,-0.243661564
LH_DorsAttn_Post_12,-6.309012398,5.66E-10,6.40E-08,-0.5285109
LH_DorsAttn_Post_13,-6.060320734,2.53E-09,1.90E-07,-0.507677805
LH_DorsAttn_Post_14,-3.001139314,0.002807902,0.009334976,-0.251407786
LH_DorsAttn_Post_15,-5.665709821,2.35E-08,1.06E-06,-0.47462094
LH_DorsAttn_Post_16,4.77648662,2.28E-06,4.12E-05,0.400130018
LH_DorsAttn_Post_17,-1.572180277,0.116479597,0.197927737,-0.131702771
LH_DorsAttn_FEF_1,1.32686727,0.185086059,0.288478961,0.111152708
LH_DorsAttn_FEF_2,-1.328911615,0.184411114,0.288478961,-0.111323965
LH_DorsAttn_FEF_3,-4.51523766,7.73E-06,0.00010582,-0.378244988
LH_DorsAttn_FEF_4,1.031912595,0.302552362,0.43004298,0.086444125
LH_DorsAttn_PrCv_1,2.223785983,0.026557494,0.060019936,0.18628829
LH_DorsAttn_PrCv_2,4.408700328,1.25E-05,0.000148156,0.369320273
LH_SalVentAttn_ParOper_1,-0.035683039,0.971547677,0.982415101,-0.002989196
LH_SalVentAttn_ParOper_2,2.111650046,0.035152579,0.074522636,0.176894575
LH_SalVentAttn_ParOper_3,-1.270204723,0.204532337,0.31338514,-0.106406042
LH_SalVentAttn_ParOper_4,-0.305739715,0.7599181,0.846017195,-0.025612055
LH_SalVentAttn_TempOcc_1,-2.368243592,0.018207164,0.044667504,-0.198389617
LH_SalVentAttn_FrOper_1,3.632639559,0.000305992,0.00151987,0.304309055
LH_SalVentAttn_FrOper_2,0.196214039,0.84451293,0.900282652,0.016437003
LH_SalVentAttn_FrOper_3,0.37815132,0.705459602,0.801175227,0.031678032
LH_SalVentAttn_FrOper_4,1.221745885,0.222312141,0.337198281,0.102346608
LH_SalVentAttn_FrOper_5,-4.345514384,1.65E-05,0.000181376,-0.364027137
LH_SalVentAttn_FrOper_6,0.145444648,0.884411801,0.923219709,0.012184012
LH_SalVentAttn_FrOper_7,1.603819075,0.109309811,0.190030903,0.134353178
LH_SalVentAttn_FrOper_8,-4.045178157,5.95E-05,0.000412838,-0.338867736
LH_SalVentAttn_FrOper_9,5.37376339,1.13E-07,4.25E-06,0.45016436
LH_SalVentAttn_PFCl_1,-1.506219398,0.132566987,0.21789192,-0.126177176
LH_SalVentAttn_Med_1,-0.02161708,0.982761016,0.985351745,-0.00181088
LH_SalVentAttn_Med_2,-3.919349088,9.97E-05,0.00059277,-0.328326937
LH_SalVentAttn_Med_3,-1.866407429,0.062521608,0.117566169,-0.156350409
LH_SalVentAttn_Med_4,0.057583165,0.954101103,0.9712456,0.004823787
LH_SalVentAttn_Med_5,-2.795301147,0.005367666,0.015857418,-0.234164562
LH_SalVentAttn_Med_6,1.420618143,0.155977285,0.251791903,0.119006292
LH_SalVentAttn_Med_7,0.514050426,0.60741679,0.716846969,0.043062406
LH_Limbic_OFC_1,-2.0903811,0.037035516,0.076568551,-0.175112859
LH_Limbic_OFC_2,4.253895275,2.47E-05,0.000223779,0.356352132
LH_Limbic_OFC_3,-0.532059457,0.594892869,0.709476456,-0.044571037
LH_Limbic_OFC_4,4.704402813,3.26E-06,4.87E-05,0.394091501
LH_Limbic_OFC_5,0.949632072,0.342704075,0.472262933,0.079551421
LH_Limbic_TempPole_1,-0.067883409,0.945902349,0.965119326,-0.005686646
LH_Limbic_TempPole_2,-0.15907172,0.873668958,0.916237515,-0.013325562
LH_Limbic_TempPole_3,0.71867701,0.472635497,0.595073105,0.060204135
LH_Limbic_TempPole_4,3.029365727,0.002562146,0.008707444,0.253772335
LH_Limbic_TempPole_5,2.911971559,0.003736651,0.01189413,0.243938134
LH_Limbic_TempPole_6,4.129883852,4.18E-05,0.000320446,0.345963598
LH_Limbic_TempPole_7,3.621902089,0.000318837,0.001552274,0.303409569
LH_Limbic_TempPole_8,0.255381385,0.798521554,0.870177204,0.021393498
LH_Cont_Par_1,-1.475949327,0.140519241,0.230125714,-0.123641429
LH_Cont_Par_2,-0.407320802,0.68392822,0.782621659,-0.034121582
LH_Cont_Par_3,-1.406366083,0.160163121,0.256715357,-0.117812386
LH_Cont_Par_4,-2.059485532,0.039902963,0.080518479,-0.172524713
LH_Cont_Par_5,-3.013847552,0.00269477,0.009089821,-0.252472365
LH_Cont_Par_6,-2.734223094,0.006447858,0.017664976,-0.229048006
LH_Cont_Temp_1,-4.881458323,1.38E-06,2.84E-05,-0.408923579
LH_Cont_PFCl_1,-2.380970331,0.017606948,0.043544547,-0.199455746
LH_Cont_PFCl_2,-3.657979588,0.000277961,0.001411668,-0.306431809
LH_Cont_PFCl_3,0.178570511,0.858338793,0.90646994,0.014958991
LH_Cont_PFCl_4,-0.054942023,0.956204186,0.9712456,-0.004602536
LH_Cont_PFCl_5,0.081048889,0.935431672,0.963298767,0.006789529
LH_Cont_PFCl_6,-1.295415113,0.195720662,0.301930851,-0.108517937
LH_Cont_PFCl_7,2.864099384,0.004336964,0.013245322,0.239927844
LH_Cont_PFCl_8,-2.128803721,0.033704033,0.072891019,-0.178331552
LH_Cont_PFCl_9,2.209088854,0.027569663,0.061690533,0.1850571
LH_Cont_PFCv_1,0.180373465,0.856923726,0.90646994,0.015110026
LH_Cont_pCun_1,-4.09968175,4.75E-05,0.000340787,-0.343433545
LH_Cont_pCun_2,-5.768534502,1.33E-08,6.67E-07,-0.483234644
LH_Cont_Cing_1,-1.773381957,0.076708636,0.139807676,-0.148557593
LH_Cont_Cing_2,-6.376056665,3.89E-10,5.87E-08,-0.534127251
LH_Cont_PFCmp_1,1.562386444,0.118754678,0.20028774,0.130882334
LH_Default_Temp_1,4.479062849,9.07E-06,0.000117108,0.375214596
LH_Default_Temp_2,3.366339843,0.0008133,0.003311817,0.28200092
LH_Default_Temp_3,-5.243345336,2.23E-07,6.72E-06,-0.439239137
LH_Default_Temp_4,1.341201747,0.180391318,0.284100612,0.112353519
LH_Default_Temp_5,3.565553288,0.000393701,0.001815843,0.298689186
LH_Default_Temp_6,3.112288807,0.001958646,0.006758077,0.260718866
LH_Default_Temp_7,0.933913843,0.350750452,0.478970406,0.078234693
LH_Default_Temp_8,0.638378193,0.523485325,0.642976541,0.05347744
LH_Default_Temp_9,-0.200830782,0.840903081,0.899359296,-0.016823752
LH_Default_Temp_10,2.850641388,0.004523062,0.013539231,0.238800457
LH_Default_Temp_11,-3.148199946,0.001729885,0.006156758,-0.26372717
LH_Default_Temp_12,-2.316560082,0.020907481,0.049737797,-0.194060049
LH_Default_Temp_13,1.589825819,0.112433411,0.193921453,0.133180952
LH_Default_Temp_14,0.847560791,0.397041605,0.524745046,0.07100083
LH_Default_Temp_15,-1.899720097,0.057979396,0.110516093,-0.159141037
LH_Default_Temp_16,0.189113265,0.850071611,0.903636914,0.015842166
LH_Default_Temp_17,-0.586692169,0.557647028,0.673947745,-0.049147662
LH_Default_PFC_1,2.987664414,0.002933336,0.009607739,0.250278983
LH_Default_PFC_2,3.4410554,0.000623645,0.002659316,0.288259901
LH_Default_PFC_3,1.100895443,0.271409569,0.398302355,0.092222872
LH_Default_PFC_4,0.573294842,0.566673348,0.682915174,0.048025357
LH_Default_PFC_5,3.354726568,0.000847451,0.00336007,0.281028067
LH_Default_PFC_6,-0.610034261,0.542083618,0.660436106,-0.051103047
LH_Default_PFC_7,0.669839404,0.503232895,0.623181558,0.05611297
LH_Default_PFC_8,-0.411551804,0.680823505,0.782621659,-0.034476016
LH_Default_PFC_9,-0.726611787,0.467767547,0.590589193,-0.060868837
LH_Default_PFC_10,-2.999336495,0.002825743,0.009334976,-0.251256763
LH_Default_PFC_11,-3.284868837,0.001083323,0.004046794,-0.27517603
LH_Default_PFC_12,-3.438085926,0.000629755,0.002660272,-0.288011145
LH_Default_PFC_13,-0.507509203,0.611996511,0.720370893,-0.042514443
LH_Default_PFC_14,1.309188615,0.191005011,0.296681323,0.109671754
LH_Default_PFC_15,-1.509374493,0.131762056,0.217359304,-0.126441481
LH_Default_PFC_16,-1.531137063,0.126294904,0.21061048,-0.128264549
LH_Default_PFC_17,3.618553702,0.000322685,0.001552274,0.303129072
LH_Default_PFC_18,-0.93137076,0.352057542,0.479307256,-0.078021657
LH_Default_PFC_19,-3.328575044,0.00093183,0.003599889,-0.278837333
LH_Default_PFC_20,3.8417426,0.000135938,0.000768048,0.321825781
LH_Default_PFC_21,2.380253417,0.017629761,0.043544547,0.199395689
LH_Default_PFC_22,-1.084087176,0.278787844,0.405183619,-0.09081483
LH_Default_PFC_23,-0.707317044,0.479676026,0.599692911,-0.059252502
LH_Default_PFC_24,0.954462734,0.34025749,0.470325338,0.079956089
LH_Default_PCC_1,-0.199871458,0.84165704,0.899359296,-0.016743388
LH_Default_PCC_2,0.448200754,0.654179954,0.758177793,0.037546128
LH_Default_PCC_3,-3.446081015,0.000616168,0.002652456,-0.2886809
LH_Default_PCC_4,-4.027682957,6.41E-05,0.000432568,-0.33740215
LH_Default_PCC_5,-0.987476261,0.323831815,0.453164026,-0.082721658
LH_Default_PCC_6,-3.685418065,0.000250216,0.001291839,-0.308730352
LH_Default_PCC_7,-3.948206263,9.01E-05,0.000546156,-0.330744325
LH_Default_PCC_8,-2.733030597,0.00647272,0.017664976,-0.228948109
LH_Default_PCC_9,-4.329048588,1.77E-05,0.00018225,-0.362647784
LH_Default_PCC_10,-1.923679257,0.054901098,0.106503418,-0.161148115
LH_Default_PCC_11,1.521675548,0.128650679,0.213004054,0.12747195
RH_Vis_1,-0.119211519,0.905150051,0.942690836,-0.009986442
RH_Vis_2,0.012123749,0.990331175,0.990331175,0.001015616
RH_Vis_3,0.766728042,0.44356405,0.567117709,0.064229407
RH_Vis_4,-1.92719256,0.054485085,0.106151975,-0.161442427
RH_Vis_5,-0.269770889,0.787434996,0.868500648,-0.022598918
RH_Vis_6,0.042403756,0.966192255,0.979190357,0.003552196
RH_Vis_7,-0.917311107,0.359370187,0.486333307,-0.076843868
RH_Vis_8,-1.10845072,0.268136552,0.398302355,-0.092855783
RH_Vis_9,-0.645791776,0.518675053,0.64054952,-0.054098482
RH_Vis_10,-0.819468206,0.412863074,0.53927648,-0.068647492
RH_Vis_11,0.923551639,0.356112856,0.483372406,0.077366643
RH_Vis_12,0.812897601,0.416618732,0.541125479,0.068097067
RH_Vis_13,0.247500229,0.804610554,0.874240314,0.020733288
RH_Vis_14,1.109427632,0.267717478,0.398302355,0.09293762
RH_Vis_15,-0.463474203,0.643203555,0.749298987,-0.038825596
RH_Vis_16,-0.700925265,0.483637502,0.602215292,-0.058717057
RH_Vis_17,3.407918038,0.000701214,0.002934711,0.285483958
RH_Vis_18,-0.367154974,0.713640172,0.808434481,-0.030756859
RH_Vis_19,0.307784785,0.758361018,0.846017195,0.025783372
RH_Vis_20,-2.629037687,0.00880227,0.023542165,-0.220236542
RH_Vis_21,1.410885463,0.158826554,0.255479012,0.118190978
RH_Vis_22,-0.8832045,0.377501151,0.501886836,-0.073986731
RH_Vis_23,-1.404306311,0.160785208,0.256801816,-0.117639837
RH_Vis_24,4.339513688,1.69E-05,0.000181376,0.363524454
RH_Vis_25,-1.657042525,0.098065816,0.173147456,-0.138811748
RH_Vis_26,1.000448072,0.317519831,0.448496762,0.083808317
RH_Vis_27,1.629667663,0.10372633,0.181722097,0.136518534
RH_Vis_28,0.378294096,0.705353471,0.801175227,0.031689992
RH_Vis_29,0.963301712,0.335810678,0.465602535,0.080696537
RH_Vis_30,1.584152083,0.113716954,0.193962503,0.132705658
RH_SomMot_1,1.805184423,0.071577047,0.132593546,0.15122171
RH_SomMot_2,2.116871752,0.034706704,0.074522636,0.177332001
RH_SomMot_3,2.089989381,0.037063312,0.076568551,0.175080044
RH_SomMot_4,1.911748586,0.056411321,0.108268559,0.160148673
RH_SomMot_5,-2.75479481,0.006062716,0.017165307,-0.230771315
RH_SomMot_6,4.335022083,1.73E-05,0.000181376,0.363148188
RH_SomMot_7,1.661466022,0.097195214,0.172283281,0.139182307
RH_SomMot_8,2.110165594,0.035282841,0.074522636,0.176770221
RH_SomMot_9,-4.11320196,4.55E-05,0.000334367,-0.344566143
RH_SomMot_10,-1.114542557,0.265519983,0.397400769,-0.093366101
RH_SomMot_11,-3.053014226,0.002371652,0.008121111,-0.255753388
RH_SomMot_12,-5.002895718,7.59E-07,1.90E-05,-0.419096485
RH_SomMot_13,-3.166585767,0.001625891,0.005926636,-0.265267365
RH_SomMot_14,-2.866465173,0.004304739,0.01323634,-0.240126028
RH_SomMot_15,-2.858073693,0.004418786,0.013315277,-0.239423067
RH_SomMot_16,-2.789482191,0.005457118,0.016016994,-0.233677104
RH_SomMot_17,-1.937280061,0.053207499,0.104111642,-0.162287465
RH_SomMot_18,-3.13610935,0.001809763,0.006292408,-0.262714332
RH_SomMot_19,-0.021102223,0.983171763,0.985351745,-0.00176775
RH_SomMot_20,-4.298727798,2.03E-05,0.000194628,-0.360107788
RH_SomMot_21,-1.624233369,0.104881456,0.183036363,-0.136063299
RH_SomMot_22,-0.306013582,0.759708836,0.846017195,-0.025634997
RH_SomMot_23,2.538579173,0.011402003,0.029449744,0.212658762
RH_SomMot_24,-2.16089107,0.031121062,0.067955169,-0.181019534
RH_SomMot_25,0.094877977,0.924445259,0.957722237,0.007948002
RH_SomMot_26,-3.483668653,0.000533534,0.002318822,-0.291829646
RH_SomMot_27,-0.761849656,0.446469966,0.56787325,-0.063820741
RH_SomMot_28,0.464696,0.642327387,0.749298987,0.038927947
RH_SomMot_29,-1.784998439,0.074800933,0.137439113,-0.149530714
RH_SomMot_30,-4.70045957,3.27E-06,4.87E-05,-0.393761172
RH_SomMot_31,-2.080353253,0.037946469,0.077609973,-0.174272818
RH_SomMot_32,-3.591736803,0.00035708,0.001663919,-0.3008826
RH_SomMot_33,-1.970484503,0.049268694,0.096823695,-0.165069027
RH_SomMot_34,-7.581179817,1.53E-13,6.91E-11,-0.635081359
RH_SomMot_35,-3.595243571,0.000352356,0.001659009,-0.301176364
RH_SomMot_36,0.477132735,0.633451474,0.741761829,0.039969782
RH_SomMot_37,-0.776692691,0.437670702,0.56200897,-0.065064154
RH_SomMot_38,-4.180305886,3.37E-05,0.000287602,-0.350187492
RH_SomMot_39,-5.329160655,1.43E-07,4.76E-06,-0.446427954
RH_SomMot_40,-4.899635141,1.26E-06,2.84E-05,-0.410446266
RH_DorsAttn_Post_1,1.565926223,0.117922819,0.199629641,0.131178864
RH_DorsAttn_Post_2,2.297576379,0.021975467,0.051733912,0.192469769
RH_DorsAttn_Post_3,-0.316035217,0.752093166,0.843538737,-0.026474517
RH_DorsAttn_Post_4,-0.518504401,0.604309626,0.715046992,-0.043435519
RH_DorsAttn_Post_5,-3.304078954,0.001012919,0.003847388,-0.276785277
RH_DorsAttn_Post_6,-0.072821283,0.941974482,0.965119326,-0.006100296
RH_DorsAttn_Post_7,-1.101176469,0.271304706,0.398302355,-0.092246414
RH_DorsAttn_Post_8,-1.600550196,0.110047626,0.190580563,-0.134079341
RH_DorsAttn_Post_9,0.410189466,0.681821652,0.782621659,0.034361892
RH_DorsAttn_Post_10,-1.672970767,0.094896672,0.168871243,-0.140146069
RH_DorsAttn_Post_11,0.824954274,0.409752683,0.536835399,0.069107064
RH_DorsAttn_Post_12,-2.75433967,0.006076215,0.017165307,-0.230733187
RH_DorsAttn_Post_13,-2.319127533,0.02077361,0.049680802,-0.194275126
RH_DorsAttn_Post_14,-2.541951938,0.011288626,0.029324477,-0.212941301
RH_DorsAttn_Post_15,-5.418512226,8.89E-08,3.65E-06,-0.453913005
RH_DorsAttn_Post_16,-3.503167389,0.000496857,0.002180382,-0.29346307
RH_DorsAttn_Post_17,-2.291449913,0.022303853,0.052234931,-0.19195655
RH_DorsAttn_Post_18,-3.325072901,0.000941104,0.003604907,-0.278543956
RH_DorsAttn_Post_19,1.77623897,0.076241952,0.139519685,0.148796927
RH_DorsAttn_FEF_1,2.032195766,0.042598854,0.085197707,0.170238628
RH_DorsAttn_FEF_2,-4.383583929,1.39E-05,0.000161327,-0.367216252
RH_DorsAttn_FEF_3,1.461174025,0.144522274,0.23582696,0.12240369
RH_DorsAttn_PrCv_1,-1.644467402,0.100632995,0.176988769,-0.13775832
RH_SalVentAttn_TempOccPar_1,3.145489402,0.001750375,0.006169195,0.263500106
RH_SalVentAttn_TempOccPar_2,0.211663714,0.832448487,0.89758147,0.017731235
RH_SalVentAttn_TempOccPar_3,-2.089797489,0.037098479,0.076568551,-0.175063969
RH_SalVentAttn_TempOccPar_4,0.592587189,0.553693616,0.672767512,0.049641492
RH_SalVentAttn_TempOccPar_5,-2.701384975,0.007111475,0.019247823,-0.226297131
RH_SalVentAttn_TempOccPar_6,-0.149397714,0.881293859,0.922094501,-0.012515163
RH_SalVentAttn_TempOccPar_7,-2.261723135,0.024093391,0.05556231,-0.189466315
RH_SalVentAttn_PrC_1,2.755907321,0.006041985,0.017165307,0.23086451
RH_SalVentAttn_FrOper_1,2.598597993,0.009604796,0.025537456,0.217686585
RH_SalVentAttn_FrOper_2,-0.069896263,0.944300854,0.965119326,-0.005855265
RH_SalVentAttn_FrOper_3,-0.260513532,0.794562452,0.869593773,-0.021823422
RH_SalVentAttn_FrOper_4,-2.172516393,0.030229636,0.066329105,-0.181993396
RH_SalVentAttn_FrOper_5,-1.896239333,0.058436607,0.110516093,-0.158849451
RH_SalVentAttn_FrOper_6,1.074636434,0.283006187,0.407384702,0.090023134
RH_SalVentAttn_FrOper_7,-4.847030565,1.63E-06,3.20E-05,-0.406039539
RH_SalVentAttn_FrOper_8,5.974756365,4.09E-09,2.64E-07,0.500510011
RH_SalVentAttn_PFCl_1,1.681229171,0.093281031,0.167313596,0.140837882
RH_SalVentAttn_Med_1,-1.102326238,0.27079467,0.398302355,-0.092342731
RH_SalVentAttn_Med_2,-2.87458992,0.004197705,0.012995636,-0.240806645
RH_SalVentAttn_Med_3,-2.326320482,0.020363886,0.048959981,-0.194877685
RH_SalVentAttn_Med_4,2.396446588,0.016880931,0.042155696,0.200752204
RH_SalVentAttn_Med_5,-0.535736289,0.592353277,0.708316617,-0.044879048
RH_SalVentAttn_Med_6,-2.860153028,0.004391515,0.013315277,-0.239597255
RH_SalVentAttn_Med_7,-0.281201662,0.778658136,0.862631073,-0.023556483
RH_SalVentAttn_Med_8,-0.571202405,0.568088728,0.682915174,-0.047850072
RH_Limbic_OFC_1,-1.033495106,0.301821341,0.43004298,-0.086576693
RH_Limbic_OFC_2,4.457499381,1.00E-05,0.000122214,0.373408207
RH_Limbic_OFC_3,0.896213381,0.370519956,0.498437559,0.075076495
RH_Limbic_OFC_4,-3.36125119,0.000828224,0.003312897,-0.28157464
RH_Limbic_OFC_5,3.966130865,8.31E-05,0.000521981,0.332245883
RH_Limbic_OFC_6,0.523775857,0.600638857,0.712568933,0.043877113
RH_Limbic_TempPole_1,1.397200537,0.162900112,0.259263558,0.117044581
RH_Limbic_TempPole_2,1.071166457,0.284550611,0.408307543,0.089732451
RH_Limbic_TempPole_3,2.25106311,0.024764191,0.056248314,0.188573316
RH_Limbic_TempPole_4,1.910832063,0.056529602,0.108268559,0.160071896
RH_Limbic_TempPole_5,3.143164381,0.001760677,0.006169195,0.263305337
RH_Limbic_TempPole_6,3.971746694,8.06E-05,0.000512801,0.332716325
RH_Limbic_TempPole_7,1.07535837,0.282685855,0.407384702,0.090083611
RH_Cont_Par_1,-2.366712696,0.018282053,0.044667504,-0.198261373
RH_Cont_Par_2,-4.316246009,1.87E-05,0.00018403,-0.361575302
RH_Cont_Par_3,-2.751715366,0.006119517,0.017180258,-0.230513347
RH_Cont_Par_4,-2.051640423,0.040662625,0.081686695,-0.171867522
RH_Cont_Par_5,-2.922530852,0.003610233,0.01157323,-0.244822694
RH_Cont_Par_6,-1.439544642,0.150549654,0.244778574,-0.12059178
RH_Cont_Temp_1,-3.943007749,9.06E-05,0.000546156,-0.330308841
RH_Cont_Temp_2,-2.475102075,0.013610995,0.03456275,-0.207341235
RH_Cont_PFCv_1,0.354331986,0.723224794,0.817244017,0.029682667
RH_Cont_PFCl_1,-2.288041935,0.022501736,0.052426726,-0.191671061
RH_Cont_PFCl_2,-4.241942825,2.59E-05,0.00022972,-0.355350866
RH_Cont_PFCl_3,-0.996278171,0.319539674,0.449943716,-0.083459001
RH_Cont_PFCl_4,0.756298676,0.449783851,0.569474231,0.063355731
RH_Cont_PFCl_5,1.087088221,0.277458994,0.405183619,0.09106623
RH_Cont_PFCl_6,2.027804365,0.043065896,0.085752356,0.169870757
RH_Cont_PFCl_7,-0.89161383,0.372977564,0.500254774,-0.074691187
RH_Cont_PFCl_8,-1.074917408,0.282868481,0.407384702,-0.090046671
RH_Cont_PFCl_9,2.066581033,0.039230505,0.079516539,0.173119108
RH_Cont_PFCl_10,-3.799952904,0.000160509,0.00086369,-0.318325025
RH_Cont_PFCl_11,4.140741339,4.00E-05,0.000320446,0.346873139
RH_Cont_PFCl_12,4.471827964,9.37E-06,0.000117642,0.374608524
RH_Cont_PFCl_13,2.744419821,0.006253895,0.01744914,0.229902194
RH_Cont_PFCl_14,4.293757998,2.07E-05,0.000194628,0.359691464
RH_Cont_PFCl_15,1.11598053,0.264902369,0.397400769,0.093486561
RH_Cont_pCun_1,-3.522303028,0.000462552,0.00204974,-0.295066078
RH_Cont_pCun_2,-4.133614244,4.11E-05,0.000320446,-0.346276096
RH_Cont_Cing_1,-5.234293827,2.40E-07,6.79E-06,-0.438480885
RH_Cont_Cing_2,-2.256376076,0.024436322,0.056067093,-0.189018388
RH_Cont_PFCmp_1,-2.021598374,0.043695159,0.086623736,-0.169350876
RH_Cont_PFCmp_2,2.442101898,0.014905987,0.037430589,0.204576785
RH_Default_Par_1,-1.674518891,0.094645093,0.168871243,-0.140275756
RH_Default_Par_2,-1.58645231,0.113263857,0.193921453,-0.13289835
RH_Default_Par_3,-2.878617913,0.004147043,0.012927335,-0.241144073
RH_Default_Par_4,-3.15734752,0.001677041,0.006064182,-0.26449347
RH_Default_Par_5,-2.594166627,0.009726926,0.02571094,-0.217315366
RH_Default_Temp_1,4.221011119,2.83E-05,0.000246124,0.353597401
RH_Default_Temp_2,4.012510575,6.83E-05,0.000453856,0.336131147
RH_Default_Temp_3,4.556814472,6.38E-06,9.01E-05,0.38172791
RH_Default_Temp_4,2.689176987,0.00738017,0.019856171,0.225274458
RH_Default_Temp_5,-3.384603592,0.000762354,0.003132582,-0.283530889
RH_Default_Temp_6,4.047666976,5.89E-05,0.000412838,0.339076226
RH_Default_Temp_7,1.529331383,0.12673905,0.21061048,0.128113285
RH_Default_Temp_8,-0.266799957,0.789720722,0.868500648,-0.022350041
RH_Default_PFCv_1,1.746793399,0.081230049,0.146863928,0.146330248
RH_Default_PFCv_2,4.488431049,8.70E-06,0.000115708,0.375999377
RH_Default_PFCv_3,2.084650279,0.037547713,0.077143484,0.174632783
RH_Default_PFCv_4,-0.716529579,0.47396269,0.595086489,-0.060024243
RH_Default_PFCm_1,2.765052858,0.005876955,0.0170281,0.231630639
RH_Default_PFCm_2,-0.706310479,0.48028503,0.599692911,-0.059168181
RH_Default_PFCm_3,0.679475785,0.497113615,0.617294929,0.056920218
RH_Default_PFCm_4,2.174092995,0.030110631,0.066329105,0.18212547
RH_Default_PFCm_5,0.420970411,0.673940269,0.779081846,0.03526502
RH_Default_PFCm_6,-3.349007874,0.00086737,0.003409142,-0.280549007
RH_Default_PFCm_7,-0.254831419,0.798945884,0.870177204,-0.021347427
RH_Default_PFCm_8,3.801764328,0.00015929,0.00086369,0.318476769
RH_Default_PFCm_9,-0.0275654,0.97801856,0.985351745,-0.002309175
RH_Default_PFCm_10,0.629881085,0.529026628,0.648021777,0.052765631
RH_Default_PFCm_11,0.068615149,0.945320238,0.965119326,0.005747945
RH_Default_PFCm_12,3.979690331,7.82E-05,0.000512316,0.33338177
RH_Default_PFCm_13,2.157082377,0.031420654,0.068279498,0.180700477
RH_Default_PCC_1,4.324097981,1.82E-05,0.000182588,0.362233068
RH_Default_PCC_2,-5.853526384,8.84E-09,4.99E-07,-0.490354481
RH_Default_PCC_3,-0.502694511,0.615379039,0.722470975,-0.042111112
RH_Default_PCC_4,-3.859104236,0.000130193,0.000744904,-0.323280178
RH_Default_PCC_5,0.384945065,0.700422696,0.79947237,0.032247149
RH_Default_PCC_6,-0.990246924,0.322478541,0.452671741,-0.082953759
RH_Default_PCC_7,0.524104103,0.600411199,0.712568933,0.04390461
RH_Default_PCC_8,-2.899567428,0.003941704,0.012372569,-0.24289903
RH_Default_PCC_9,-3.829598765,0.000143065,0.000798339,-0.320808482
CIT168Subcortical_Pu_rh,4.820537096,1.87E-06,3.51E-05,0.403820161
CIT168Subcortical_Ca_rh,-3.299000609,0.001031932,0.003886943,-0.27635986
CIT168Subcortical_NAC_rh,4.695600673,3.34E-06,4.87E-05,0.393354139
CIT168Subcortical_EXA_rh,0.883169495,0.377525496,0.501886836,0.073983799
CIT168Subcortical_GPe_rh,-4.969790953,8.90E-07,2.12E-05,-0.416323273
CIT168Subcortical_GPi_rh,-7.467821791,3.39E-13,7.66E-11,-0.625585269
CIT168Subcortical_SNc_CIT168Subcortical_PBP_CIT168Subcortical_VTA_rh,-1.271084648,0.204225849,0.31338514,-0.106479755
CIT168Subcortical_RN_rh,-3.531206614,0.000447652,0.002023387,-0.295811938
CIT168Subcortical_SNr_rh,0.262841538,0.79277657,0.869593773,0.022018441
CIT168Subcortical_VeP_rh,2.102007509,0.035992741,0.075668461,0.176086812
CIT168Subcortical_HN_rh,-1.165504806,0.244331273,0.368125785,-0.097635249
CIT168Subcortical_HTH_rh,-6.204918919,1.12E-09,1.01E-07,-0.519790908
CIT168Subcortical_MN_rh,-3.786965858,0.000169993,0.000903964,-0.31723709
CIT168Subcortical_STH_rh,-2.949781398,0.003317942,0.01078928,-0.247105493
CIT168Subcortical_Pu_lh,3.525406638,0.000457872,0.00204909,0.29532607
CIT168Subcortical_Ca_lh,-4.713927043,3.09E-06,4.87E-05,-0.394889353
CIT168Subcortical_NAC_lh,4.118783316,4.38E-05,0.000329669,0.345033698
CIT168Subcortical_EXA_lh,0.832347763,0.405577471,0.532909932,0.069726423
CIT168Subcortical_GPe_lh,-4.879882919,1.38E-06,2.84E-05,-0.408791606
CIT168Subcortical_GPi_lh,-4.131789167,4.14E-05,0.000320446,-0.346123208
CIT168Subcortical_SNc_CIT168Subcortical_PBP_CIT168Subcortical_VTA_lh,-2.181024819,0.029591143,0.065564689,-0.182706154
CIT168Subcortical_RN_lh,-3.764436084,0.000184782,0.000971182,-0.315349753
CIT168Subcortical_SNr_lh,-1.242908455,0.21443816,0.326966273,-0.104119413
CIT168Subcortical_VeP_lh,1.587006579,0.113070179,0.193921453,0.132944782
CIT168Subcortical_HN_lh,-0.287587759,0.773767588,0.859319286,-0.024091451
CIT168Subcortical_HTH_lh,-5.33140635,1.47E-07,4.76E-06,-0.446616077
CIT168Subcortical_MN_lh,-3.620517787,0.000322818,0.001552274,-0.303293605
CIT168Subcortical_STH_lh,-3.330493092,0.000923466,0.003598331,-0.27899801
Thalamus_LH_Pulvinar,-1.041198568,0.298233522,0.426587189,-0.087222018
Thalamus_LH_Anterior,-1.9182624,0.05560482,0.107407602,-0.160694341
Thalamus_LH_Medio_Dorsal,-0.817476253,0.414002077,0.53927648,-0.068480625
Thalamus_LH_Ventral_Latero_Dorsal,-3.636757537,0.000302167,0.001517549,-0.304654022
Thalamus_LH_Central_Lateral_Lateral_Posterior_Medial_Pulvinar,-4.15674154,3.82E-05,0.000313683,-0.348213488
Thalamus_LH_Ventral_Anterior,4.370507921,1.49E-05,0.000168094,0.366120865
Thalamus_LH_Ventral_Latero_Ventral,-3.977188591,7.93E-05,0.000512316,-0.333172197
Thalamus_RH_Pulvinar,-3.199676409,0.001475609,0.005467011,-0.268039394
Thalamus_RH_Anterior,-1.103107208,0.270459647,0.398302355,-0.092408153
Thalamus_RH_Medio_Dorsal,-5.055496534,5.81E-07,1.54E-05,-0.423502896
Thalamus_RH_Ventral_Latero_Dorsal,-3.913585112,0.000102235,0.000600135,-0.327844084
Thalamus_RH_Central_Lateral_Lateral_Posterior_Medial_Pulvinar,-2.756923582,0.006023018,0.017165307,-0.230949643
Thalamus_RH_Ventral_Anterior,3.179000018,0.001561783,0.005739234,0.266307316
Thalamus_RH_Ventral_Latero_Ventral,-2.251333037,0.02474697,0.056248314,-0.188595928
Cerebellum_Region1,-2.115626905,0.034813354,0.074522636,-0.17722772
Cerebellum_Region2,-2.310489339,0.021220912,0.050219121,-0.193551498
Cerebellum_Region3,-1.865088649,0.062684617,0.117566169,-0.156239934
Cerebellum_Region4,0.460032575,0.645669246,0.750237787,0.038537288
Cerebellum_Region5,2.210054006,0.027499387,0.061690533,0.185137952
Cerebellum_Region6,3.361501438,0.000827421,0.003312897,0.281595603
Cerebellum_Region7,0.615534773,0.538453794,0.657786797,0.051563829
Cerebellum_Region8,0.080845682,0.935593271,0.963298767,0.006772506
Cerebellum_Region9,1.019203929,0.308541556,0.437181139,0.08537951
Cerebellum_Region10,2.346899651,0.019277578,0.046846588,0.196601618
